,RN No.,tolerance,Total_Time_SP,No. of Optimal Instances,No. of Instance that Reached Time Limit,No. of Infeasible Instances,No. of Instance that Could Not Find Feasible Solution Within Time Limit
0,4,0.01,10.20188888888889,2,3.0,4.0,0.0
1,4,0.1,8.49003086419753,4,5.0,0.0,0.0
2,4,0.5,0.8361728395061728,9,0.0,0.0,0.0
3,5,0.01,5.428958333333333,3,1.0,4.0,1.0
4,5,0.1,2.0807777777777776,5,0.0,3.0,1.0
5,5,0.5,1.8466975308641975,9,0.0,0.0,0.0
